question,answer
What are the admission requirements for undergraduate courses?,"To apply for undergraduate courses, you must have completed secondary education with required grades, meet English language requirements, and submit necessary documents including transcripts and references."
How do I apply for a postgraduate course?,"You can apply online through our university portal. Ensure you have your academic transcripts, statement of purpose, and reference letters ready before applying."
What scholarships are available for international students?,We offer merit-based and need-based scholarships for international students. You can find the full list and eligibility criteria on our scholarships page.
When does the academic year start?,The academic year typically starts in September. Some postgraduate courses may also have January or May intakes.
Is accommodation available on campus?,"Yes, we offer a range of accommodation options for students on campus. Early application is recommended as places are limited."
How do I contact the admissions office?,You can contact the admissions office by emailing admissions@university.edu or calling +44 1234 567890.
What is the tuition fee for international students?,"Tuition fees vary depending on the course. On average, undergraduate programs cost between £12,000 and £18,000 per year."
Are there part-time job opportunities for students?,"Yes, international students on a Tier 4 visa can work up to 20 hours per week during term time and full-time during holidays."
What English language tests are accepted?,"We accept IELTS, TOEFL, PTE Academic, and other recognized tests. Specific score requirements vary by course."
Can I transfer from another university?,"Yes, transfer applications are considered on a case-by-case basis. You will need to provide transcripts and course syllabi for review."
